{"MusicName":"ShinigStar (UnityEngine.AudioClip)","NoteGenerateTiming":[3.4925830364227297,3.5593457221984865,3.6420581340789797,3.790780782699585,3.842071771621704],"LineType":[0,3,2,4,1]}