{"MusicName":"Sekaigabokuraniyurerumade (UnityEngine.AudioClip)","NoteGenerateTiming":[-0.8363136053085327,-0.6375278234481812,-0.42172110080718996,-0.038811326026916507,0.22624850273132325,0.45818090438842776,1.7564644813537598,1.9053282737731934,2.046154022216797,2.249937057495117,3.7453761100769045,3.894448757171631,4.010415554046631,4.159569263458252,4.2921013832092289,4.6976141929626469,4.82988166809082,4.94584846496582,5.061985492706299,5.227846145629883,5.62508487701416,5.757748603820801,5.8423638343811039,5.974994659423828,6.123386383056641,6.869009971618652,6.969142913818359,6.969142913818359,7.1180419921875,7.803558349609375,8.068896293640137,8.586137771606446,9.996363639831543,10.344354629516602,10.692669868469239],"LineType":[2,2,2,2,2,2,0,2,4,3,0,2,4,1,3,0,2,4,1,3,0,2,4,1,3,0,1,2,4,0,2,1,4,1,3]}