{"MusicName":"Sekaigabokuraniyurerumade (UnityEngine.AudioClip)","NoteGenerateTiming":[4.57284688949585,5.053711891174316,5.66615629196167,6.594256401062012,6.97477912902832,7.422549724578857,8.201077461242676,8.565187454223633,8.946694374084473,9.377096176147461,9.824252128601075,11.00047779083252,13.35363483428955,13.883715629577637,14.331720352172852,14.844584465026856,15.325016021728516,16.55094337463379,16.932016372680665,17.246843338012697,17.86023712158203,18.505802154541017,19.234960556030275,20.527015686035158,21.438180923461915,23.426448822021486,25.596948623657228,26.706331253051759,27.336368560791017,28.031667709350587,28.34663200378418,29.593223571777345,29.990909576416017,30.48810577392578,30.90279197692871,31.41668701171875,31.781139373779298,32.24462890625,32.67536163330078,33.205718994140628,33.83577346801758,34.5315055847168,34.87922668457031,35.2769889831543,35.59109878540039,36.005279541015628,36.950233459472659,37.04903793334961,37.446868896484378,37.811058044433597,38.159080505371097,38.65596389770508,39.13664245605469,40.51181411743164,41.00885009765625,42.15199279785156,42.566226959228519,42.881591796875,43.2783317565918,43.5101318359375,43.891082763671878,44.172733306884769,44.48748016357422,44.85201644897461,45.531436920166019,45.862911224365237,46.326393127441409,46.740562438964847,47.23759460449219,47.7677116394043,48.264705657958987,48.76171112060547,50.8384895324707,51.15354919433594,51.71653747558594,52.313228607177737,53.17439270019531,53.67138671875,55.3787841796875,55.70908737182617,56.09066390991211,56.28892517089844,57.29949188232422,57.74784851074219,58.691471099853519,59.03994369506836,59.387298583984378,59.769203186035159,60.0665283203125,60.46415710449219,60.71355438232422,62.419857025146487,62.76787185668945,63.08313751220703,63.463600158691409,63.86130142211914,64.27535247802735,64.85559844970703,65.35213470458985,66.712646484375,67.82723999023438,68.45677185058594,68.95376586914063,69.46735382080078,70.3126449584961,73.80781555175781,74.53704833984375,75.48150634765625,76.14358520507813,79.42363739013672,80.3844985961914,82.35906982421875,95.44700622558594,95.53045654296875,95.69550323486328,98.04795837402344,98.09784698486328,98.51251983642578],"LineType":[0,1,2,3,4,3,1,0,1,2,3,3,1,0,1,2,3,3,2,2,1,1,0,1,3,3,3,1,0,1,1,2,3,4,3,2,1,0,1,1,1,1,2,1,2,3,4,3,3,2,2,1,1,1,0,1,1,2,3,1,0,1,2,3,3,3,2,1,0,1,2,3,0,1,2,2,3,2,1,1,1,1,2,2,2,3,3,4,4,3,3,1,1,1,1,2,2,2,3,3,3,1,0,1,2,1,2,3,4,0,1,0,0,3,0,3,2,1]}