{"MusicName":"ShinigStar (UnityEngine.AudioClip)","NoteGenerateTiming":[1.2992863655090333,1.4511191844940186,1.5818192958831788,1.7196288108825684,1.9328575134277344,2.563244342803955,2.7220797538757326,2.9500293731689455,3.103130340576172,3.328855037689209,3.995809555053711,4.181606292724609,4.223798751831055,4.427828311920166,4.473859786987305,4.709212779998779,5.443355560302734,5.554922580718994,5.622663497924805,5.716252326965332,5.850120544433594,6.70601749420166,6.8508100509643559,6.9181671142578129,7.013304710388184,7.192684173583984,9.07802963256836,9.298196792602539,9.53310775756836,9.749798774719239,9.988548278808594,11.635891914367676,11.95419692993164,12.307116508483887,12.610387802124024,12.896154403686524,14.361085891723633,14.848058700561524,15.271038055419922,15.583030700683594,15.982885360717774,16.351041793823243,16.749784469604493,17.085193634033204,17.434616088867189],"LineType":[0,2,4,1,3,0,2,1,4,3,0,3,2,4,1,3,0,3,2,4,1,0,3,2,4,1,0,2,4,1,3,0,1,2,3,4,0,1,2,3,4,2,1,4,3]}