{"MusicName":"ShinigStar (UnityEngine.AudioClip)","NoteGenerateTiming":[3.99578595161438,4.376920223236084,4.757904529571533,5.106137275695801,5.487603187561035,8.337898254394532,8.503908157348633,8.638415336608887,8.853453636169434,9.068976402282715],"LineType":[0,2,4,1,3,0,2,4,1,3]}