{"MusicName":"still (UnityEngine.AudioClip)","NoteGenerateTiming":[-1.168060302734375,-0.5359474420547485,0.06528782844543457,0.6653516292572022,1.7270944118499756,1.980116367340088,2.1673173904418947,3.153867244720459,3.6879119873046877,4.791094779968262,5.274538040161133,6.364893913269043,6.503090858459473,6.58961296081543,6.691824913024902,7.769838333129883,8.203556060791016,8.67259407043457,11.701786994934082,12.350362777709961,14.098505020141602,14.401054382324219,15.26601791381836,15.59996223449707,15.938505172729493,16.390615463256837,16.617956161499025,31.317665100097658,32.0340576171875,33.29966735839844,34.757301330566409,35.55606460571289,36.37795639038086,36.916996002197269,37.58758544921875,37.722412109375,38.02982711791992,38.406402587890628,38.9772834777832,39.65071105957031,40.006900787353519,43.45172119140625,43.85279846191406,44.40262985229492,45.43778991699219,45.88964080810547,47.09076690673828,47.757747650146487,48.13206481933594,48.533790588378909,49.569976806640628,50.073421478271487,51.11396408081055,52.050376892089847,52.28521728515625,52.37175750732422,52.50850296020508,53.086856842041019,57.116031646728519,57.719970703125,57.95504379272461,60.095726013183597,60.3964958190918,60.696876525878909,61.11583709716797,61.55138397216797,62.34734344482422,74.57963562011719,75.6671142578125,91.62336730957031,91.84147644042969,92.20784759521485,92.818603515625,93.10533905029297,93.96051788330078,95.79539489746094,105.6613998413086,106.7362289428711,107.39130401611328,107.66651153564453,107.73275756835938,108.27360534667969,108.36334228515625,110.6822509765625,110.87305450439453,111.84235382080078,113.83700561523438,114.05571746826172,114.3519515991211,115.57695007324219,116.26323699951172,116.45045471191406,117.74546813964844,118.7461929321289,119.06401824951172],"LineType":[0,1,2,3,0,1,2,4,3,0,1,1,3,1,0,0,1,2,1,2,0,1,3,4,4,3,1,0,1,2,0,3,1,2,3,1,1,4,0,1,2,0,1,2,4,1,2,0,1,1,4,1,4,1,1,4,1,1,1,1,1,1,1,1,1,1,1,0,1,1,1,1,1,1,2,4,2,2,1,2,1,2,1,2,1,1,2,1,2,1,1,1,1,1,1]}